Title,Title [alternative],Parent Item Title,Name [personal] (Creator),Name [personal] (Addressee),Name [personal] (Contributor),Place of Origin,Publisher,Date Created,Subject - Topic,Subject - Geographic,Subject - Temporal,Subject - Genre,Subject - Name [personal],Subject - Name [corporate],Subject - Name [family],Abstract (Description),Biographical Information,Note [content] (Note),Extent,Manuscript Number,Location (Shelf Location),Type of Resource, ,Physical Description Note [medium],Language [text],Language [code],Contributing Repository ,Repository Collection Guide
"Letter from Thomas Chaney to his father, 1875 April 25",,,"Chaney, Thomas, 1841-1914.",,,Louisville (Ky.),,1875-04-25,Ohio--Description and travel.; Weather.,Cincinnati (Ohio),,,"Buell, George Pearson, 1833-1883.",,,"Thomas writes to his father from Louisville (Ky.) about his travel and plans to travel, including a trip home.",,,1 letter,Mss. 5162,"U:310, Box 1, Folder 1",text,Letters (correspondence),,English,eng,LSU Libraries. Special Collections|uri=http://id.loc.gov/authorities/names/no2015036095,https://www.lib.lsu.edu/sites/default/files/sc/findaid/5162.pdf
"Letter from Tom Chaney to his father, 1882 December 21",,,"Chaney, Thomas, 1841-1914.",,,Palestine (Tex.),,1882-12-21,Cottonseed oil mills--Texas--Houston.; Cottonseed oil mills--Texas--Palestine.,,,,,Howard Oil Company.,,"Thomas writes to his father from Palestine (Tex.) about demands on his time at work; getting a new cottonseed oil mill on line in Houston; the ""most splendid crop year"" and his hope for a ""good outcome,"" and; finishes with his plans to spend a few days in Gaslveston (Tex.) then Christmas in New Orleans (La.)",,"At this date, the Howard Oil Company had cottonseed mills in Palestine (Tex.), Houston (Tex.), and Dallas (Tex.)",1 letter,Mss. 5162,"U:310, Box 1, Folder 1",text,Letters (correspondence),,English,eng,LSU Libraries. Special Collections|uri=http://id.loc.gov/authorities/names/no2015036095,https://www.lib.lsu.edu/sites/default/files/sc/findaid/5162.pdf
"Letter from Tom Chaney to his sister, 1874 May 10",,,"Chaney, Thomas, 1841-1914.",,,Fort Griffin (Tex.),,1874-05-10,Indians of North America--Texas.; Droughts--Texas.,,,,,,,Thomas writes to his sister from Fort Griffin (Tex.) about: his having been in transit; his condolences on the death of George; meeting a survey crew on the way to the Fort; crop failures the past three years,,Fort Griffin served as one in a line of western defensive forts in the north portion of West Texas from 1867 to 1881. It provided settlers protection from early Comanche and Kiowa raids,1 letter,Mss. 5162,"U:310, Box 1, Folder 1",text,Letters (correspondence),,English,eng,LSU Libraries. Special Collections|uri=http://id.loc.gov/authorities/names/no2015036095,https://www.lib.lsu.edu/sites/default/files/sc/findaid/5162.pdf
"Letter from Tom Chaney, 1870 August 25",,,"Chaney, Thomas, 1841-1914.",,,Austin (Tex.),,1870-08-25,Indians of North America --Wars--Texas.,,,,,,,Thomas writes to an unknown recipient from Austin (Tex.) about: an obituary of an unnamed acquaintance from a New London (Conn.) newspaper; the reassignment of Captain Correll to the Indian frontier; an increase in Indian raids on settlers to within eighteen miles of Austin; settler retribution including scalping of Indians,,This letter may be missing a page.,1 letter,Mss. 5162,"U:310, Box 1, Folder 1",text,Letters (correspondence),,English,eng,LSU Libraries. Special Collections|uri=http://id.loc.gov/authorities/names/no2015036095,https://www.lib.lsu.edu/sites/default/files/sc/findaid/5162.pdf
"Letter from Tom Chaney to his parents, 1868 July 31",,,"Chaney, Thomas, 1841-1914.",,,Austin (Tex.),,1868-07-31,"Reconstruction (U.S. history, 1865-1877)--Texas.",,,,,,,"Thomas writes to his parents from Austin (Tex.) about: his current health and well being; the organization of Texas into the Reconstruction District 5; his plans to leave ""government employ"" soon; political problems related to Reconstruction; the unsettled and unsafe nature of things in ""the northern counties,"" and; closes with a comment to his father recognizing his father's opposition to ""women's rights.""",,,1 letter,Mss. 5162,"U:310, Box 1, Folder 1",text,Letters (correspondence),,English,eng,LSU Libraries. Special Collections|uri=http://id.loc.gov/authorities/names/no2015036095,https://www.lib.lsu.edu/sites/default/files/sc/findaid/5162.pdf
"Letter from Tom Chaney to his mother, 1868 May 25",,,"Chaney, Thomas, 1841-1914.",,,Fort Concho (Tex.),,1868-05-25,American bison hunting--Texas.,San Angelo (Tex.),,,,,,"Thomas writes to his mother about: having just arrived at Fort Concho; his good health, and; killing his first buffalo",,,1 letter,Mss. 5162,"U:310, Box 1, Folder 1",text,Letters (correspondence),,English,eng,LSU Libraries. Special Collections|uri=http://id.loc.gov/authorities/names/no2015036095,https://www.lib.lsu.edu/sites/default/files/sc/findaid/5162.pdf
"San Antonio Agenda, 1868 May 13",,,"Chaney, Thomas, 1841-1914.",,,San Antonio (Tex.),,1868-05-13,United States. Army. Department of Texas; Wagon trains--Texas.,"Boerne (Tex.); Cibolo Creek (Karnes County-Kendall County, Tex.); Guadalupe Mountains (N.M. and Tex.); Fredericksburg (Tex.); Pedernales River (Tex.); Guadalupe River (Tex.); Leon Springs (Tex.)",,,,,,Thomas describes three days accompanying a United States Army Quartermaster wagon train from San Antonio (Tex.) to a point four miles from Fredericksburg (Tex.),,,1 letter,Mss. 5162,"U:310, Box 1, Folder 1",text,Logs (records),,English,eng,LSU Libraries. Special Collections|uri=http://id.loc.gov/authorities/names/no2015036095,https://www.lib.lsu.edu/sites/default/files/sc/findaid/5162.pdf
"Letter from Tom Chaney to his brother, 1873 May 27",,,"Chaney, Thomas, 1841-1914.","Chaney, Charles.",,Fort Griffin (Tex.),,1868-05-13,Tonkawa Indians--Texas.,,,,,,,Thomas writes to his brother about the Tonkawa Indians serving as guides and troops at Fort Griffin (Tex.),,,1 letter,Mss. 5162,"U:310, Box 1, Folder 1",text,Letters (correspondence),,English,eng,LSU Libraries. Special Collections|uri=http://id.loc.gov/authorities/names/no2015036095,https://www.lib.lsu.edu/sites/default/files/sc/findaid/5162.pdf
"Letter from Tom Chaney to his mother, 1868 March 8",,,"Chaney, Thomas, 1841-1914.",,,Austin (Tex.),,1868-03-08,Housing--Texas--Austin.; Cash transactions--Texas--Austin.; Austin (Tex.)--Social conditions--19th century.,,,,,,,Thomas writes to his mother relating his current situation in Austin (Tex.),,,1 letter,Mss. 5162,"U:310, Box 1, Folder 1",text,Letters (correspondence),,English,eng,LSU Libraries. Special Collections|uri=http://id.loc.gov/authorities/names/no2015036095,https://www.lib.lsu.edu/sites/default/files/sc/findaid/5162.pdf
"Letter from Tom Chaney to his father, 1867 January 4",,,"Chaney, Thomas, 1841-1914.",,,Brownsville (Tex.),,1867-01-04,Texas--Description and travel.; Brownsville (Tex.)--Climate.,,,,,,,"Thomas writes to his father relating his current situation in Brownsville (Tex.) mentioning a ""flying visit"" from Generals Sherman, Sheridan, and Griffin related to troops moving into Mexico.",,,1 letter,Mss. 5162,"U:310, Box 1, Folder 1",text,Letters (correspondence),,English,eng,LSU Libraries. Special Collections|uri=http://id.loc.gov/authorities/names/no2015036095,https://www.lib.lsu.edu/sites/default/files/sc/findaid/5162.pdf
"Letter from Tom Chaney to his mother, 1866 October 2",,,"Chaney, Thomas, 1841-1914.",,,Brownsville (Tex.),,1866-10-02,Money--United States.; Culture conflict--Texas--Brownsville.,,,,,,,"Thomas writes to his mother relating his current situation in Brownsville (Tex.) mentioning the use of gold and silver rather than ""greenbacks"" as currency",,,1 letter,Mss. 5162,"U:310, Box 1, Folder 1",text,Letters (correspondence),,English,eng,LSU Libraries. Special Collections|uri=http://id.loc.gov/authorities/names/no2015036095,https://www.lib.lsu.edu/sites/default/files/sc/findaid/5162.pdf
"Letter from Tom Chaney to his mother, 1863 June 7",,,"Chaney, Thomas, 1841-1914.",,,Alexandria (Va.),,1863-06-07,"United States?History?Civil War, 1861-1865.","Alexandria (Va.)--History--Civil War, 1861-1865.",,,,,,Thomas writes to his mother relating his current situation in Alexandria (Va.) mentioning preparations to protect their position from a cavalry attack.,,,1 letter,Mss. 5162,"U:310, Box 1, Folder 1",text,Letters (correspondence),,English,eng,LSU Libraries. Special Collections|uri=http://id.loc.gov/authorities/names/no2015036095,https://www.lib.lsu.edu/sites/default/files/sc/findaid/5162.pdf
"Letter from Tom Chaney to his father, circa 1875",,,"Chaney, Thomas, 1841-1914.",,,Oskaloosa (Iowa),,circa 1875,Grassland fires--Iowa.; Prairies--Iowa.,,,,,,,Thomas writes to his father relating his current situation in Oskaloosa (Iowa) mentioning a trip into the local prairielands,,,1 letter,Mss. 5162,"U:310, Box 1, Folder 1",text,Letters (correspondence),,English,eng,LSU Libraries. Special Collections|uri=http://id.loc.gov/authorities/names/no2015036095,https://www.lib.lsu.edu/sites/default/files/sc/findaid/5162.pdf
"Plantation Description, 1893 December 28",,,"Chaney, Thomas, 1841-1914.",,,New Orleans (La.),,1893-12-28,Sugar plantations--Louisiana--Convent.,Oneida Plantation (La.),,,,,,"This is a typewritten copy of a letter from Chaney, inferred from the content of the letter, to an unknown recipient describing a plantation in which he is a one-third owner and on which one partner lives.",,Typewritten and stapled; may be part of an outgoing letterbook,1 letter,Mss. 5162,"U:310, Box 1, Folder 2",text,Letters (correspondence),,English,eng,LSU Libraries. Special Collections|uri=http://id.loc.gov/authorities/names/no2015036095,https://www.lib.lsu.edu/sites/default/files/sc/findaid/5162.pdf
"Letter from Tom Chaney to his sister, 1896 December 14",,,"Chaney, Thomas, 1841-1914.",,,Oneida Plantation (La.),,1896-12-14,Sugar plantations--Louisiana--Convent.; Architectural drawing--Louisiana.,Oneida Plantation (La.),,,,,,"Thomas writes to his sister from the plantation about the plantation house, incuding a sketch of the faâ€¡ade and the current sugar market.",,,1 letter,Mss. 5162,"U:310, Box 1, Folder 2",text,Letters (correspondence),,English,eng,LSU Libraries. Special Collections|uri=http://id.loc.gov/authorities/names/no2015036095,https://www.lib.lsu.edu/sites/default/files/sc/findaid/5162.pdf
"Letter from Tom Chaney to his sister, 1897 January 7",,,"Chaney, Thomas, 1841-1914.",,,Oneida Plantation (La.),,1896-01-07,Sugar plantations--Louisiana--Convent.; Sugar growing--Louisiana--Convent.; African American agricultural laborers--Louisiana.,Oneida Plantation (La.),,,,,,Thomas writes to his sister from the plantation about the recent crop and the process of planting and growning sugarcane.,,,1 letter,Mss. 5162,"U:310, Box 1, Folder 2",text,Letters (correspondence),,English,eng,LSU Libraries. Special Collections|uri=http://id.loc.gov/authorities/names/no2015036095,https://www.lib.lsu.edu/sites/default/files/sc/findaid/5162.pdf
"Letter from Tom Chaney to his sister, 1897 April 12",,,"Chaney, Thomas, 1841-1914.",,,Oneida Plantation (La.),,1897-04-12,Floods--Louisiana.; Flood control--Louisiana.; Levees--Louisiana.; Sugar growing--Louisiana--Convent.; Sugar plantations--Louisiana--Convent.,Oneida Plantation (La.),,,,,,"Thomas writes to his sister from the plantation about the Mississippi River in flood, the threat of his levees, and the quality of the sugarcane crop",,,1 letter,Mss. 5162,"U:310, Box 1, Folder 2",text,Letters (correspondence),,English,eng,LSU Libraries. Special Collections|uri=http://id.loc.gov/authorities/names/no2015036095,https://www.lib.lsu.edu/sites/default/files/sc/findaid/5162.pdf
"Letter from Tom Chaney to his sister, 1897 April 26",,,"Chaney, Thomas, 1841-1914.",,,Oneida Plantation (La.),,1897-04-16,Floods--Louisiana.; Levees--Louisiana--Saint James Parish.; Structural drawing.; Sugar plantations--Louisiana--Convent.;,Oneida Plantation (La.),,,,,,Thomas writes to his sister from the plantation about the Mississippi River in flood and the threat of his levees,,,1 letter,Mss. 5162,"U:310, Box 1, Folder 2",text,Letters (correspondence),,English,eng,LSU Libraries. Special Collections|uri=http://id.loc.gov/authorities/names/no2015036095,https://www.lib.lsu.edu/sites/default/files/sc/findaid/5162.pdf
"Letter from Tom Chaney to his sister, 1898 April 27",,,"Chaney, Thomas, 1841-1914.",,,Oneida Plantation (La.),,1898-04-27,"Sugar--Manufacture and refining--Louisiana--Convent--Equipment and supplies.; Spanish-American War, 1898.; Sugar plantations--Louisiana--Convent.",Oneida Plantation (La.),,,,,,"Thomas writes to his sister from the plantation, sent from Hester Post Office, about awaiting new sugar equipment and his concerns about the impending war with Spain",,,1 letter,Mss. 5162,"U:310, Box 1, Folder 2",text,Letters (correspondence),,English,eng,LSU Libraries. Special Collections|uri=http://id.loc.gov/authorities/names/no2015036095,https://www.lib.lsu.edu/sites/default/files/sc/findaid/5162.pdf
"Letter from Tom Chaney to his sister, 1898 December 10",,,"Chaney, Thomas, 1841-1914.",,,Oneida Plantation (La.),,1898-12-10,Sugar plantations--Louisiana--Convent.; Crops and climate--Louisiana.,Oneida Plantation (La.),,,,,,Thomas writes to his sister from the plantation about bad weather ruining the sugarcane crop,,There appears to be a page missing,1 letter,Mss. 5162,"U:310, Box 1, Folder 2",text,Letters (correspondence),,English,eng,LSU Libraries. Special Collections|uri=http://id.loc.gov/authorities/names/no2015036095,https://www.lib.lsu.edu/sites/default/files/sc/findaid/5162.pdf
"Letter from Tom Chaney to his sister, 1898 December 31",,,"Chaney, Thomas, 1841-1914.",,,Oneida Plantation (La.),,1898-12-31,Catholic schools--Louisiana--Convent.; Chapels--Decoration--Louisiana--Convent.,Convent (La.),,,,Convent of the Sacred Heart.,,Thomas writes to his sister about a visit to and tour of the Convent of the Sacred Heart and its school.,,,1 letter,Mss. 5162,"U:310, Box 1, Folder 2",text,Letters (correspondence),,English,eng,LSU Libraries. Special Collections|uri=http://id.loc.gov/authorities/names/no2015036095,https://www.lib.lsu.edu/sites/default/files/sc/findaid/5162.pdf
"Power of attorney, 1893 May 15",,,"Chaney, Thomas, 1841-1914.","Pring, Benjamin H.",,New York (N.Y.),,1893-05-15,Powers of attorney--United States--New York.,Oneida Plantation (La.),,,,,,Typewritten copy of a power of attorney from Thomas Chaney to Benjamin H. Pring,,Typewritten copy of a power of attorney,1 letter,Mss. 5162,"U:310, Box 1, Folder 2",text,Legal documents,,English,eng,LSU Libraries. Special Collections|uri=http://id.loc.gov/authorities/names/no2015036095,https://www.lib.lsu.edu/sites/default/files/sc/findaid/5162.pdf
"Telegram to T. R. Chaney from B. H. Pring, 1893 April 22",,,"Pring, Benjamin H.","Chaney, Thomas, 1841-1914.",,New Orleans (La.),,1893-04-22,Real property--Prices--Louisiana--Convent.,Oneida Plantation (La.),,,,,,Telegram from Pring to Chaney notifying Chaney of plantation purchase,,,1 telegram,Mss. 5162,"U:310, Box 1, Folder 3",text,Telegrams,,English,eng,LSU Libraries. Special Collections|uri=http://id.loc.gov/authorities/names/no2015036095,https://www.lib.lsu.edu/sites/default/files/sc/findaid/5162.pdf
"Letter to T. R. Chaney from Ben H. Pring, 1893 April 23",,,"Pring, Benjamin H.","Chaney, Thomas, 1841-1914.",,New Orleans (La.),,1893-04-23,Sugar plantations--Louisiana--Convent.; Real property auctions--Louisiana--Convent.; Real property--Prices--Louisiana--Convent.; Banks and banking?Real estate business.,Oneida Plantation (La.),,,,,,Pring writes to Chaney relating his success in purchasing the sugar plantation at auction and the method of paying for the property,,,1 letter,Mss. 5162,"U:310, Box 1, Folder 3",text,Letters (correspondence),,English,eng,LSU Libraries. Special Collections|uri=http://id.loc.gov/authorities/names/no2015036095,https://www.lib.lsu.edu/sites/default/files/sc/findaid/5162.pdf
"Letter to Whitney National Bank from Ben H. Pring, 1893 January 15",,,"Pring, Benjamin H.",,,New Orleans (La.),,1893-01-15,Sugar plantations--Louisiana--Convent.; Bank loans--Louisiana--New Orleans.,Oneida Plantation (La.),,,"Heflin, R. L.; Chaney, Thomas, 1841-1914.",,,"Pring, writing as President, Oneida Planting & Manufacturing Company, Ltd., on R. L. Heflin, Commission Merchant and Exporter, letterhead to Whitney National Bank in New Orleans seeking a loan for the sugar plantation",,This is a contemporary copy of the original letter to the bank,1 letter,Mss. 5162,"U:310, Box 1, Folder 3",text,Letters (correspondence),,English,eng,LSU Libraries. Special Collections|uri=http://id.loc.gov/authorities/names/no2015036095,https://www.lib.lsu.edu/sites/default/files/sc/findaid/5162.pdf
"Letter to T. R. Chaney from Ben H. Pring, 1893 January 19",,,"Pring, Benjamin H.","Chaney, Thomas, 1841-1914.",,New Orleans (La.),,1893-01-19,Articles of incorporation--Louisiana.; Sugar plantations--Louisiana--Convent.,Oneida Plantation (La.),,,,,,"Pring writes to Chaney regarding setting up the sugar corporation, condition of the crop, and status of work to be done around the plantation",,,1 letter,Mss. 5162,"U:310, Box 1, Folder 3",text,Letters (correspondence),,English,eng,LSU Libraries. Special Collections|uri=http://id.loc.gov/authorities/names/no2015036095,https://www.lib.lsu.edu/sites/default/files/sc/findaid/5162.pdf
"Copy letter to Ben H. Pring from J. L. Gaudet, 1893 April 25",,,"Gaudet, J. L.","Pring, Benjamin H.",,Convent (La.),,1893-04-15,Sugar plantations--Louisiana--Convent.,Oneida Plantation (La.),,,,,,"Gaudet, owner of a small farm near Oneida Plantation, seeks assurances from Pring that Oneida will purchase his cane if he grows it",,This is a contemporary copy of the original letter,1 letter,Mss. 5162,"U:310, Box 1, Folder 3",text,Letters (correspondence),,English,eng,LSU Libraries. Special Collections|uri=http://id.loc.gov/authorities/names/no2015036095,https://www.lib.lsu.edu/sites/default/files/sc/findaid/5162.pdf
"Letter to T. R. Chaney from Ben H. Pring, 1893 April 29",,,"Pring, Benjamin H.","Chaney, Thomas, 1841-1914.",,New Orleans (La.),,1893-04-29,Sugar plantations--Louisiana--Convent.; Railroads--Right of way--Multiple use--Louisiana--Convent.,Oneida Plantation (La.),,,,Yazoo and Mississippi Valley Railroad Company.,,"Pring writes to Chaney regarding drainage improvements at Oneida Plantation, the request to purchase cane from local small holdings, and negotiations with the Yazoo and Mississippi Valley Railroad Company for a spur line to the mill",,,1 letter,Mss. 5162,"U:310, Box 1, Folder 3",text,Letters (correspondence),,English,eng,LSU Libraries. Special Collections|uri=http://id.loc.gov/authorities/names/no2015036095,https://www.lib.lsu.edu/sites/default/files/sc/findaid/5162.pdf
"Letter to T. R. Chaney from Ben H. Pring, 1893 May 9",,,"Pring, Benjamin H.","Chaney, Thomas, 1841-1914.",,New Orleans (La.),,1893-05-09,Articles of incorporation--Louisiana.; Deeds--Louisiana--Convent.; Sugar laws and legislation--United States.; Sugar plantations--Louisiana--Convent.,Oneida Plantation (La.),,,,,,"Pring writes to Chaney regarding the deed and articles of incorporation for Oneida Plantation, conditions on the Plantation, and effects of the ""sugar bounty"" legislation being debated in Washington",,,1 letter,Mss. 5162,"U:310, Box 1, Folder 3",text,Letters (correspondence),,English,eng,LSU Libraries. Special Collections|uri=http://id.loc.gov/authorities/names/no2015036095,https://www.lib.lsu.edu/sites/default/files/sc/findaid/5162.pdf
"Letter to T. R. Chaney from Ben H. Pring, 1893 June 11",,,"Pring, Benjamin H.","Chaney, Thomas, 1841-1914.",,Hester (La.),,1893-06-11,Sugar plantations--Louisiana--Convent.; African American agricultural laborers--Louisiana--Saint James Parish.; Convict labor--Louisiana--Saint James Parish.; Levees--Louisiana--Saint James Parish.,Oneida Plantation (La.),,,,Pontchartrain Levee District. Board of Commissioners.,,"Pring writes to Chaney describing problems with improving drainage on the plantation, difficulty in finding laborers, and matters relating to the mortgage note",,,1 letter,Mss. 5162,"U:310, Box 1, Folder 3",text,Letters (correspondence),,English,eng,LSU Libraries. Special Collections|uri=http://id.loc.gov/authorities/names/no2015036095,https://www.lib.lsu.edu/sites/default/files/sc/findaid/5162.pdf
"Letter to T. R. Chaney from Ben H. Pring, 1893 July 17",,,"Pring, Benjamin H.","Chaney, Thomas, 1841-1914.",,Hester (La.),,1893-07-17,Sugar plantations--Louisiana--Convent.; African American agricultural laborers--Louisiana--Saint James Parish.; Levees--Louisiana--Saint James Parish.; Floods--Louisiana--Saint James Parish.,Oneida Plantation (La.),,,,,,Pring writes to Chaney describing his efforts to prevent the Mississippi River overtopping the levees around the plantation and how a levee break on Rescue Plantation upriver saved Oneida Plantation.,,,1 letter,Mss. 5162,"U:310, Box 1, Folder 3",text,Letters (correspondence),,English,eng,LSU Libraries. Special Collections|uri=http://id.loc.gov/authorities/names/no2015036095,https://www.lib.lsu.edu/sites/default/files/sc/findaid/5162.pdf
"Letter to T. R. Chaney from Ben H. Pring, 1893 September 14",,,"Pring, Benjamin H.","Chaney, Thomas, 1841-1914.",,Hester (La.),,1893-09-14,Sugar plantations--Louisiana--Convent.,Oneida Plantation (La.),,,,,,"Pring writes to Chaney relating financial matters, continued drainage efforts, crop conditions, and work required on the mill",,,1 letter,Mss. 5162,"U:310, Box 1, Folder 3",text,Letters (correspondence),,English,eng,LSU Libraries. Special Collections|uri=http://id.loc.gov/authorities/names/no2015036095,https://www.lib.lsu.edu/sites/default/files/sc/findaid/5162.pdf
"Letter to T. R. Chaney from Ben H. Pring, 1893 September 28",,,"Pring, Benjamin H.","Chaney, Thomas, 1841-1914.",,Hester (La.),,1893-09-28,Sugar plantations--Louisiana--Convent.,Oneida Plantation (La.),,,,,,Pring replies to Chaney's letter stating he is in New Orleans (La.) and plans to visit Oneida Plantation,,,1 letter,Mss. 5162,"U:310, Box 1, Folder 3",text,Letters (correspondence),,English,eng,LSU Libraries. Special Collections|uri=http://id.loc.gov/authorities/names/no2015036095,https://www.lib.lsu.edu/sites/default/files/sc/findaid/5162.pdf
"Letter to T. R. Chaney from Ben H. Pring, 1894 May 16",,,"Pring, Benjamin H.","Chaney, Thomas, 1841-1914.",,Hester (La.),,1894-05-16,Sugar plantations--Louisiana--Convent.,Oneida Plantation (La.),,,,,,"Pring writes to Chaney expressing his hope Chaney will visit before heading back north, speaks of conditions on the plantation, and reminds him of the corporation's upcoming annual meeting",,,1 letter,Mss. 5162,"U:310, Box 1, Folder 3",text,Letters (correspondence),,English,eng,LSU Libraries. Special Collections|uri=http://id.loc.gov/authorities/names/no2015036095,https://www.lib.lsu.edu/sites/default/files/sc/findaid/5162.pdf
"Letter to Ben H. Pring from William B. Ker, 1896 September 5",,,"Ker, William B.","Pring, Benjamin H.",,Hester (La.),,1896-09-05,Sugar plantations--Louisiana--Convent.,Oneida Plantation (La.),,,,,,"William B. Ker, Oneida Plantation overseer, writes to Pring of current conditions on the plantation",,,1 letter,Mss. 5162,"U:310, Box 1, Folder 4",text,Letters (correspondence),,English,eng,LSU Libraries. Special Collections|uri=http://id.loc.gov/authorities/names/no2015036095,https://www.lib.lsu.edu/sites/default/files/sc/findaid/5162.pdf
"Letter to Ben H. Pring from William B. Ker, 1896 September 2",,,"Ker, William B.","Pring, Benjamin H.",,Hester (La.),,1896-09-02,Sugar plantations--Louisiana--Convent.,Oneida Plantation (La.),,,,,,"William B. Ker, Oneida Plantation overseer, writes to Pring of current conditions on the plantation",,,1 letter,Mss. 5162,"U:310, Box 1, Folder 4",text,Letters (correspondence),,English,eng,LSU Libraries. Special Collections|uri=http://id.loc.gov/authorities/names/no2015036095,https://www.lib.lsu.edu/sites/default/files/sc/findaid/5162.pdf
"Letter to Tom Chaney from Ben H. Pring, 1896 September 01",,,"Pring, Benjamin H.","Chaney, Thomas, 1841-1914.",,Colorado Springs (Colo.),,1896-09-01,Sugar plantations--Louisiana--Convent.; Mules--Louisiana--Convent.,Oneida Plantation (La.),,,"Bryan, William Jennings, 1860-1925.",,,"Pring writes to Chaney writes of conditions on the plantation, the problem with Heflin, the need for more mules, his beliefs about W.G. Bryant's run for the Presidency, and his planned trip to Salt Lake City and back ",,,1 letter,Mss. 5162,"U:310, Box 1, Folder 4",text,Letters (correspondence),,English,eng,LSU Libraries. Special Collections|uri=http://id.loc.gov/authorities/names/no2015036095,https://www.lib.lsu.edu/sites/default/files/sc/findaid/5162.pdf
"Letter to Tom Chaney from Ben H. Pring, 1896 August 22",,,"Pring, Benjamin H.","Chaney, Thomas, 1841-1914.",,Hester (La.),,1896-08-22,Sugar plantations--Louisiana--Convent.;  Legal instruments.; Railroad sidings--Louisiana--Convent.,Oneida Plantation (La.),,,,Yazoo and Mississippi Valley Railroad.,,"Pring writes to Chaney about his negotiations with the Yazoo & Mississippi Valley Railroad for a spur to the plantation sugar house, condition of the crop, and his sugar house rebuilding work",,,1 letter,Mss. 5162,"U:310, Box 1, Folder 4",text,Letters (correspondence),,English,eng,LSU Libraries. Special Collections|uri=http://id.loc.gov/authorities/names/no2015036095,https://www.lib.lsu.edu/sites/default/files/sc/findaid/5162.pdf
"Draft memorandum of agreement, Yazoo & Mississippi Valley Railroad, 1896 August 22",,,"Pring, Benjamin H.","Chaney, Thomas, 1841-1914.",,Hester (La.),,1896-08-22,"Sugar plantations--Louisiana--Convent,; Railroad sidings--Louisiana--Convent.",Oneida Plantation (La.),,,,Yazoo and Mississippi Valley Railroad.,,Pring included in his 1896 August 22 letter to Chaney a copy of a draft Memorandum of Agreement between Oneida Plantation and the Yazoo & Mississippi Valley Railroad for a spur line ot the plantation sugar house showing Pring's preferred changes to the agreement,,,1 letter,Mss. 5162,"U:310, Box 1, Folder 4",text,Legal instruments,,English,eng,LSU Libraries. Special Collections|uri=http://id.loc.gov/authorities/names/no2015036095,https://www.lib.lsu.edu/sites/default/files/sc/findaid/5162.pdf
"Letter to Tom Chaney from Ben H. Pring, 1896 May 31",,,"Pring, Benjamin H.","Chaney, Thomas, 1841-1914.",,Hester (La.),,1896-05-31,Sugar plantations--Louisiana--Convent.,Oneida Plantation (La.),,,,,,"Pring writes to Chaney seeking money for the plantation, mentioning a legal matter before the court, and giving the current state of various crops",,,1 letter,Mss. 5162,"U:310, Box 1, Folder 4",text,Letters (correspondence),,English,eng,LSU Libraries. Special Collections|uri=http://id.loc.gov/authorities/names/no2015036095,https://www.lib.lsu.edu/sites/default/files/sc/findaid/5162.pdf
"Letter to Tom Chaney from Ben H. Pring, 1895 April 14",,,"Pring, Benjamin H.","Chaney, Thomas, 1841-1914.",,Hester (La.),,1895-04-14,Sugar plantations--Louisiana--Convent.;  Coal trade.; Railroad sidings--Louisiana--Convent.,Oneida Plantation (La.),,,,Illinois Central Railroad Company.,,"Pring writes to Chaney about plantation business matters, being approached by a coal company representative with possible ties to the Illinois Central Railroad Company about a spur line to the plantation, and condition of crops on the plantation",,,1 letter,Mss. 5162,"U:310, Box 1, Folder 4",text,Letters (correspondence),,English,eng,LSU Libraries. Special Collections|uri=http://id.loc.gov/authorities/names/no2015036095,https://www.lib.lsu.edu/sites/default/files/sc/findaid/5162.pdf
"Letter to Tom Chaney from Ben H. Pring, 1895 February 28",,,"Pring, Benjamin H.","Chaney, Thomas, 1841-1914.",,Hester (La.),,1895-02-28,Sugar plantations--Louisiana--Convent.; Railroad sidings--Louisiana--Convent.,Oneida Plantation (La.),,,,,,Pring writes to Chaney about current crop conditions on the plantation and inquires after the status of the rail spur to the plantation,,,1 letter,Mss. 5162,"U:310, Box 1, Folder 4",text,Letters (correspondence),,English,eng,LSU Libraries. Special Collections|uri=http://id.loc.gov/authorities/names/no2015036095,https://www.lib.lsu.edu/sites/default/files/sc/findaid/5162.pdf
Letter to Tom Chaney from Ben H. Pring 1895 January 28,,,"Pring, Benjamin H.","Chaney, Thomas, 1841-1914.",,Hester (La.),,1895-01-28,Sugar plantations--Louisiana--Convent.; Agricultural wages--Louisiana--Convent.,Oneida Plantation (La.),,,,"Whitney National Bank (New Orleans, La.)",,"Pring writes to Chaney about negotiating a loan from Whitney National Bank in New Orleans, proposed pay rates for the coming season, and conditions on the plantation",,,1 letter,Mss. 5162,"U:310, Box 1, Folder 4",text,Letters (correspondence),,English,eng,LSU Libraries. Special Collections|uri=http://id.loc.gov/authorities/names/no2015036095,https://www.lib.lsu.edu/sites/default/files/sc/findaid/5162.pdf
"Letter to Tom Chaney from Ben H. Pring, 1895 January 24",,,"Pring, Benjamin H.","Chaney, Thomas, 1841-1914.",,New Orleans (La.),,1895-01-24,Sugar plantations--Louisiana--Convent.; Bank loans--Louisiana--New Orleans.,Oneida Plantation (La.),,,,"Whitney National Bank (New Orleans, La.)",,Pring writes to Chaney for instructions regarding taking a loan with Whitney National Bank in New Orleans,,,1 letter,Mss. 5162,"U:310, Box 1, Folder 4",text,Letters (correspondence),,English,eng,LSU Libraries. Special Collections|uri=http://id.loc.gov/authorities/names/no2015036095,https://www.lib.lsu.edu/sites/default/files/sc/findaid/5162.pdf
"Letter to Tom Chaney from Ben H. Pring, 1895 January 23",,,"Pring, Benjamin H.","Chaney, Thomas, 1841-1914.",,New Orleans (La.),,1895-01-23,Sugar plantations--Louisiana--Convent.; Bank loans--Louisiana--New Orleans.; Agricultural wages--Louisiana--Convent.,Oneida Plantation (La.),,,,"Whitney National Bank (New Orleans, La.)",,"Pring writes to Chaney for instructions regarding taking a loan with Whitney National Bank in New Orleans and other financial matters, plantation crop conditions, and wage rates on the plantation",,,1 letter,Mss. 5162,"U:310, Box 1, Folder 4",text,Letters (correspondence),,English,eng,LSU Libraries. Special Collections|uri=http://id.loc.gov/authorities/names/no2015036095,https://www.lib.lsu.edu/sites/default/files/sc/findaid/5162.pdf
"Letter to Tom Chaney from Ben H. Pring, 1895 January 14",,,"Pring, Benjamin H.","Chaney, Thomas, 1841-1914.",,New Orleans (La.),,1895-01-14,Sugar plantations--Louisiana--Convent.; Agricultural wages--Louisiana--Convent.,Oneida Plantation (La.),,,,,,Pring writes to Chaney saying write to him in New Orleans and mentions proposed lower wages,,,1 letter,Mss. 5162,"U:310, Box 1, Folder 4",text,Letters (correspondence),,English,eng,LSU Libraries. Special Collections|uri=http://id.loc.gov/authorities/names/no2015036095,https://www.lib.lsu.edu/sites/default/files/sc/findaid/5162.pdf
"Letter to Tom Chaney from Ben H. Pring, 1896 August 14",,,"Pring, Benjamin H.","Chaney, Thomas, 1841-1914.",,Hester (La.),,1896-08-14,Sugar plantations--Louisiana--Convent. ,Oneida Plantation (La.),,,,,,"Pring writes to Chaney about his percieved insult received from Heflin, the third partner in Oneida Plantation, and Pring's upcoming trip to Denver (Colo.)",,,1 letter,Mss. 5262,"U:310, Box 1, Folder 4",text,Letters (correspondence),,English,eng,LSU Libraries. Special Collections|uri=http://id.loc.gov/authorities/names/no2015036095,https://www.lib.lsu.edu/sites/default/files/sc/findaid/5162.pdf
"Letter to Tom Chaney from Ben H. Pring, 1896 September 9",,,"Pring, Benjamin H.","Chaney, Thomas, 1841-1914.",,Colorado Springs (Colo.),,1896-09-09,Sugar plantations--Louisiana--Convent.,Oneida Plantation (La.),,,,,,"Pring writes to Chaney with news from William B. Ker, Oneida Plantation overseer, about conditions on Oneida Plantation and Pring's imminent return to Louisiana",,,1 letter,Mss. 5262,"U:310, Box 1, Folder 4",text,Letters (correspondence),,English,eng,LSU Libraries. Special Collections|uri=http://id.loc.gov/authorities/names/no2015036095,https://www.lib.lsu.edu/sites/default/files/sc/findaid/5162.pdf
"Letter to Tom Chaney from Ben H. Pring, 1896 July 20",,,"Pring, Benjamin H.","Chaney, Thomas, 1841-1914.",,Hester (La.),,1896-07-20,Sugar plantations--Louisiana--Convent.,Oneida Plantation (La.),,,"McKinley, William, 1843-1901",,,"Pring writes to Chnaey about conditions on the plantation, provides his views on the ""sugar bounty,"" and his hopes that McKinley wins the presidential election",,,1 letter,Mss. 5262,"U:310, Box 1, Folder 4",text,Letters (correspondence),,English,eng,LSU Libraries. Special Collections|uri=http://id.loc.gov/authorities/names/no2015036095,https://www.lib.lsu.edu/sites/default/files/sc/findaid/5162.pdf
"Letter to Tom Chaney from Ben H. Pring, 1896 August 12",,,"Pring, Benjamin H.","Chaney, Thomas, 1841-1914.",,New Orleans (La.),,1896-08-12,Sugar plantations--Louisiana--Convent.,Oneida Plantation (La.),,,,,,Pring writes to Chaney saying he has received the sugar bounty check and handled necessary financial transactions,,,1 letter,Mss. 5262,"U:310, Box 1, Folder 4",text,Letters (correspondence),,English,eng,LSU Libraries. Special Collections|uri=http://id.loc.gov/authorities/names/no2015036095,https://www.lib.lsu.edu/sites/default/files/sc/findaid/5162.pdf
"Letter to Tom Chaney from Ben H. Pring, 1895 January 16",,,"Pring, Benjamin H.","Chaney, Thomas, 1841-1914.",,New Orleans (La.),,1895-01-16,Sugar plantations--Louisiana--Convent.; Bank loans--Louisiana--New Orleans. ,Oneida Plantation (La.),,,,"Whitney National Bank (New Orleans, La.)",,"Pring writes Chaney with information on the latest attempt to obtain a loan from the Whitney National Bank (New Orleans, La.) and other financial news",,,1 letter,Mss. 5262,"U:310, Box 1, Folder 4",text,Letters (correspondence),,English,eng,LSU Libraries. Special Collections|uri=http://id.loc.gov/authorities/names/no2015036095,https://www.lib.lsu.edu/sites/default/files/sc/findaid/5162.pdf
"Letter to Tom Chaney from Ben H. Pring, 1898 June 3",,,"Pring, Benjamin H.","Chaney, Thomas, 1841-1914.",,Hester (La.),,1898-06-03,Sugar plantations--Louisiana--Convent.; Sugar--Manufacture and refining--Louisiana--Convent--Equipment and supplies.,Oneida Plantation (La.),,,,,,Pring writes to Chaney regarding construction work and associated costs on Oneida Plantation,,,1 letter,Mss. 5262,"U:310, Box 1, Folder 5",text,Letters (correspondence),,English,eng,LSU Libraries. Special Collections|uri=http://id.loc.gov/authorities/names/no2015036095,https://www.lib.lsu.edu/sites/default/files/sc/findaid/5162.pdf
"Letter to Tom Chaney from Ben H. Pring, 1898 June 22",,,"Pring, Benjamin H.","Chaney, Thomas, 1841-1914.",,Hester (La.),,1898-06-22,"Sugar plantations--Louisiana--Convent.; Sugar--Manufacture and refining--Louisiana--Convent--Equipment and supplies.; Spanish-American War, 1898.",Oneida Plantation (La.),,,,,,"Pring writes to Chaney mainly regarding construction work and associated costs on Oneida Plantation but mentions his fear that annexing Cuba, Puerto Rico, and the Phillipines will harm the US sugar market",,,1 letter,Mss. 5262,"U:310, Box 1, Folder 5",text,Letters (correspondence),,English,eng,LSU Libraries. Special Collections|uri=http://id.loc.gov/authorities/names/no2015036095,https://www.lib.lsu.edu/sites/default/files/sc/findaid/5162.pdf
"Letter to Tom Chaney from Ben H. Pring, 1898 July 14",,,"Pring, Benjamin H.","Chaney, Thomas, 1841-1914.",,Hester (La.),,1898-07-14,Sugar plantations--Louisiana--Convent.; Sugar--Manufacture and refining--Louisiana--Convent--Equipment and supplies.,Oneida Plantation (La.),,,,,,Pring writes to Chaney mainly regarding construction work and associated costs on Oneida Plantation ,,,1 letter,Mss. 5262,"U:310, Box 1, Folder 5",text,Letters (correspondence),,English,eng,LSU Libraries. Special Collections|uri=http://id.loc.gov/authorities/names/no2015036095,https://www.lib.lsu.edu/sites/default/files/sc/findaid/5162.pdf
"Letter to Tom Chaney from Ben H. Pring, 1898 August 29",,,"Pring, Benjamin H.","Chaney, Thomas, 1841-1914.",,Hester (La.),,1898-08-29,Sugar plantations--Louisiana--Convent.; Sugar--Manufacture and refining--Louisiana--Convent--Equipment and supplies.,Oneida Plantation (La.),,,,,,Pring writes to Chaney mainly regarding construction work and associated costs on Oneida Plantation ,,,1 letter,Mss. 5262,"U:310, Box 1, Folder 5",text,Letters (correspondence),,English,eng,LSU Libraries. Special Collections|uri=http://id.loc.gov/authorities/names/no2015036095,https://www.lib.lsu.edu/sites/default/files/sc/findaid/5162.pdf
"Letter to Tom Chaney from Ben H. Pring, 1898 September 20",,,"Pring, Benjamin H.","Chaney, Thomas, 1841-1914.",,Hester (La.),,1898-09-20,Sugar plantations--Louisiana--Convent.; Sugar--Manufacture and refining--Louisiana--Convent--Equipment and supplies.; Yellow fever--Louisiana.; Quarantine--Louisiana.,Oneida Plantation (La.),,,,,,"Pring writes to Chaney regarding construction work and associated costs on Oneida Plantation, the effect of ongoing wet weather on various crops, and the impact a quarantine may have on ongoing construction work, necessary supplies for that work, and on finding sufficient labor",,,1 letter,Mss. 5262,"U:310, Box 1, Folder 5",text,Letters (correspondence),,English,eng,LSU Libraries. Special Collections|uri=http://id.loc.gov/authorities/names/no2015036095,https://www.lib.lsu.edu/sites/default/files/sc/findaid/5162.pdf
"Letter to Tom Chaney from Ben H. Pring, 1898 September 30",,,"Pring, Benjamin H.","Chaney, Thomas, 1841-1914.",,Hester (La.),,1898-09-30,Sugar plantations--Louisiana--Convent.; Sugar--Manufacture and refining--Louisiana--Convent--Equipment and supplies.; Yellow fever--Louisiana.; Quarantine--Louisiana.,Oneida Plantation (La.),,,,,,"Pring writes to Chaney about the current severe weather and its affect on the crops, progress of construction work, and the effect of the quarantine on the work and on Chaney's planned visit",,,1 letter,Mss. 5262,"U:310, Box 1, Folder 5",text,Letters (correspondence),,English,eng,LSU Libraries. Special Collections|uri=http://id.loc.gov/authorities/names/no2015036095,https://www.lib.lsu.edu/sites/default/files/sc/findaid/5162.pdf
"Letter to Tom Chaney from Ben H. Pring, 1900 June 17",,,"Pring, Benjamin H.","Chaney, Thomas, 1841-1914.",,Hester (La.),,6/17/1900,Sugar plantations--Louisiana--Convent.; Sugar--Manufacture and refining--Louisiana--Convent--Equipment and supplies.; Railroad sidings--Louisiana--Convent.,Oneida Plantation (La.),,,,,,"Pring writes to Chaney about crop conditions, the progress of construction work, frustration with the railroad's failure to extend the spur on the plantation, and trouble finding laborers",,,1 letter,Mss. 5262,"U:310, Box 1, Folder 5",text,Letters (correspondence),,English,eng,LSU Libraries. Special Collections|uri=http://id.loc.gov/authorities/names/no2015036095,https://www.lib.lsu.edu/sites/default/files/sc/findaid/5162.pdf
"Letter to J. T. Harahan from Tom Chaney, 1900 June",,,"Chaney, Thomas, 1841-1914.","Harahan, J. T.",,,,1900-06,Sugar plantations--Louisiana--Convent.; Railroad sidings--Louisiana--Convent.,Oneida Plantation (La.),,,,Illinois Central Railroad Company.,,"Chaney writes to J. T. Harahan, 2nd Vice President, Illinios Central Railroad, asking that the spur line on the plantation be extended, as promised",,There is no date on this letter but may have been written per Pring's request of 1900-06-17,1 letter,Mss. 5262,"U:310, Box 1, Folder 5",text,Letters (correspondence),,English,eng,LSU Libraries. Special Collections|uri=http://id.loc.gov/authorities/names/no2015036095,https://www.lib.lsu.edu/sites/default/files/sc/findaid/5162.pdf
"Letter to Tom Chaney from Ben H. Pring, 1900 July 14",,,"Pring, Benjamin H.","Chaney, Thomas, 1841-1914.",,Hester (La.),,7/14/1900,Sugar plantations--Louisiana--Convent.; Railroad sidings--Louisiana--Convent.,Oneida Plantation (La.),,,,Illinois Central Railroad Company.,,Pring writes to Chaney about his ongoing frustration with the railroad's failure to extend the spur on the plantation and mentions crop conditions,,,1 letter,Mss. 5262,"U:310, Box 1, Folder 5",text,Letters (correspondence),,English,eng,LSU Libraries. Special Collections|uri=http://id.loc.gov/authorities/names/no2015036095,https://www.lib.lsu.edu/sites/default/files/sc/findaid/5162.pdf
"Note to Tom Chaney from Ben H. Pring, [1900 July 31]",,,"Pring, Benjamin H.","Chaney, Thomas, 1841-1914.",,Hester (La.),,7/31/1900,Sugar plantations--Louisiana--Convent.,Oneida Plantation (La.),,,,,,"Pring writes a note to Chaney about ""trouble in the sugar house"" and firing the Engineer",,This note is not dated but may have been inclosed with Pring's letter of July 31,1 letter,Mss. 5262,"U:310, Box 1, Folder 5",text,Letters (correspondence),,English,eng,LSU Libraries. Special Collections|uri=http://id.loc.gov/authorities/names/no2015036095,https://www.lib.lsu.edu/sites/default/files/sc/findaid/5162.pdf
"Letter to Tom Chaney from Ben H. Pring, 1900 July 31",,,"Pring, Benjamin H.","Chaney, Thomas, 1841-1914.",,Hester (La.),,7/31/1900,Sugar plantations--Louisiana--Convent.; Sugar--Manufacture and refining--Louisiana--Convent--Equipment and supplies.,Oneida Plantation (La.),,,,,,"Pring writes a note to Chaney about firing Saucier, the sugar house Engineer, who ""left everything a mess in the sugar house,"" the work needed to get things working again,   construction progress, and illness of mules and horses",,,1 letter,Mss. 5262,"U:310, Box 1, Folder 5",text,Letters (correspondence),,English,eng,LSU Libraries. Special Collections|uri=http://id.loc.gov/authorities/names/no2015036095,https://www.lib.lsu.edu/sites/default/files/sc/findaid/5162.pdf
"Letter to Tom Chaney from Ben H. Pring, 1900 September 16",,,"Pring, Benjamin H.","Chaney, Thomas, 1841-1914.",,Hester (La.),,9/16/1900,Sugar plantations--Louisiana--Convent.; Sugar--Manufacture and refining--Louisiana--Convent--Equipment and supplies.; Hurricanes--Texas--Galveston.,Oneida Plantation (La.),,,,,,"Pring writes to Chaney about the ongoing work in the sugar house, the difficulty finding tradesmen and laborers, the deaths of friends in the Galveston Hurricane (September 08), and the continuing railroad spur extension problem",,,1 letter,Mss. 5262,"U:310, Box 1, Folder 5",text,Letters (correspondence),,English,eng,LSU Libraries. Special Collections|uri=http://id.loc.gov/authorities/names/no2015036095,https://www.lib.lsu.edu/sites/default/files/sc/findaid/5162.pdf
"Letter to Tom Chaney from Ben H. Pring, 1900 September 24",,,"Pring, Benjamin H.","Chaney, Thomas, 1841-1914.",,Hester (La.),,9/24/1900,Sugar plantations--Louisiana--Convent.,Oneida Plantation (La.),,,,,,"Pring writes to Chaney about needing a loan to carry things over to grinding season, slow progress on the sugar house, and the scarcity of labor",,,1 letter,Mss. 5262,"U:310, Box 1, Folder 5",text,Letters (correspondence),,English,eng,LSU Libraries. Special Collections|uri=http://id.loc.gov/authorities/names/no2015036095,https://www.lib.lsu.edu/sites/default/files/sc/findaid/5162.pdf
"Letter to Tom Chaney from R. L. Heffin, 1893 August 12",,,"Heflin, R. L.","Chaney, Thomas, 1841-1914.",,Galveston (Tex.),,1893-08-12,Sugar plantations--Louisiana--Convent.; Sugarcane industry--Louisiana--Convent--Finance.,Oneida Plantation (La.),,,,,,"Heflin, a partner in Oneida Plantation, writes to Chaney about recent financial affairs",,,1 letter,Mss. 5262,"U:310, Box 1, Folder 6",text,Letters (correspondence),,English,eng,LSU Libraries. Special Collections|uri=http://id.loc.gov/authorities/names/no2015036095,https://www.lib.lsu.edu/sites/default/files/sc/findaid/5162.pdf
"Letter to Tom Chaney from R. L. Heffin, 1893 October 27",,,"Heflin, R. L.","Chaney, Thomas, 1841-1914.",,New Orleans (La.),,1893-10-27,Sugar plantations--Louisiana--Convent.,Oneida Plantation (La.),,,,,,"Heflin, a partner in Oneida Plantation, writes to Chaney about current conditions on Oneida Plantation and long-term plans for crops there",,,1 letter,Mss. 5262,"U:310, Box 1, Folder 6",text,Letters (correspondence),,English,eng,LSU Libraries. Special Collections|uri=http://id.loc.gov/authorities/names/no2015036095,https://www.lib.lsu.edu/sites/default/files/sc/findaid/5162.pdf
"Letter to Miss M.B. Chaney from E. George, 1916 June 27",,,"George, E.","Chaney, M. B.",,Saratoga Springs (N.Y.),,6/27/1916,Sugar plantations--Louisiana--Convent.,Oneida Plantation (La.),,,,,,George writes to Miss Chaney relating what he knows of what happened to the machinery and the land of Oneida Plantation,,,1 letter,Mss. 5262,"U:310, Box 1, Folder 7",text,Letters (correspondence),,English,eng,LSU Libraries. Special Collections|uri=http://id.loc.gov/authorities/names/no2015036095,https://www.lib.lsu.edu/sites/default/files/sc/findaid/5162.pdf
"Military Governor Headquarters Pass for Thomas R. Chaney, 1863 December 25",,,"Gale, Rollin C.","Chaney, Thomas, 1841-1914.",,Alexandria (Va.),,1863-12-25,Military passes.,,,,,,,A one-day pass issued to T. R. Chaney,,,1 military pass,Mss. 5262,"U:310, Box 1, Folder 8",text,Military passes,,English,eng,LSU Libraries. Special Collections|uri=http://id.loc.gov/authorities/names/no2015036095,https://www.lib.lsu.edu/sites/default/files/sc/findaid/5162.pdf
"Photographic portrait of Thomas Chaney, circa 1870",,,,,,Austin (Tex.),,circa 1870,Portrait photography--Texas--Austin.,,,,"Chaney, Thomas, 1841-1914.",,,This is a studio photographic portrait of T. R. Chaney,,,1 photograph,Mss. 5262,"U:310, Box 1, Folder 9",still image,Photographic prints,,English,eng,LSU Libraries. Special Collections|uri=http://id.loc.gov/authorities/names/no2015036095,https://www.lib.lsu.edu/sites/default/files/sc/findaid/5162.pdf
Recto,,"Photographic portrait of Thomas Chaney, circa 1870",,,,,,,,,,,,,,,,,,,,still image,,,,,,
Verso,,"Photographic portrait of Thomas Chaney, circa 1870",,,,,,,,,,,,,,,,,,,,still image,,,,,,
"Photograph of Oneida Plantation House, circa 1895",,,,,,Hester (La.),,circa 1895,"Plantations--Louisiana--Photographs.; Architecture, Domestic--Louisiana--Photographs.",Oneida Plantation (La.),,,,,,This is a photograph of the plantation house on Oneida Plantation,,,1 photograph,Mss. 5262,"U:310, Box 1, Folder 9",still image,Photographic prints,,English,eng,LSU Libraries. Special Collections|uri=http://id.loc.gov/authorities/names/no2015036095,https://www.lib.lsu.edu/sites/default/files/sc/findaid/5162.pdf
Recto,,"Photograph of Oneida Plantation House, circa 1895",,,,,,,,,,,,,,,,,,,,still image,,,,,,
Verso,,"Photograph of Oneida Plantation House, circa 1895",,,,,,,,,,,,,,,,,,,,still image,,,,,,
"Photographic portrait of Thomas Chaney, circa 1895",,,,,,Hartford (Conn.),,circa 1895,Portrait photography--Connecticut--Hartford.,,,,"Chaney, Thomas, 1841-1914.",,,This is a studio photographic portrait of T. R. Chaney,,,1 photograph,Mss. 5262,"U:310, Box 1, Folder 9",still image,Photographic prints,,English,eng,LSU Libraries. Special Collections|uri=http://id.loc.gov/authorities/names/no2015036095,https://www.lib.lsu.edu/sites/default/files/sc/findaid/5162.pdf
"Photographic portrait of Thomas Chaney, 1908",,,,,,,,1908,Portrait photography.; Sailboats.,,,,"Chaney, Thomas, 1841-1914.",,,This is a photographic portrait of T. R. Chaney taken aboard a moored sailboat in the tropics,,,1 photograph,Mss. 5262,"U:310, Box 1, Folder 9",still image,Photographic prints,,English,eng,LSU Libraries. Special Collections|uri=http://id.loc.gov/authorities/names/no2015036095,https://www.lib.lsu.edu/sites/default/files/sc/findaid/5162.pdf
Recto,,"Photographic portrait of Thomas Chaney, 1908",,,,,,,,,,,,,,,,,,,,still image,,,,,,
Verso,,"Photographic portrait of Thomas Chaney, 1908",,,,,,,,,,,,,,,,,,,,still image,,,,,,
"Power of Attorney, 1893 May 15",,,,,,New York (N.Y.),,1893 05 15,Powers of attorney--United States--New York.,Oneida Plantation (La.),,,,,,Another typewritten copy of a power of attorney from Thomas Chaney to Benjamin H. Pring; see also 5162b01f0209_Power of Attorney 1893 May 15,,Typewritten copy of a power of attorney,1 letter,Mss. 5162,"U:310, Box 1, Folder 10",text,Legal documents,,English,eng,LSU Libraries. Special Collections|uri=http://id.loc.gov/authorities/names/no2015036095,https://www.lib.lsu.edu/sites/default/files/sc/findaid/5162.pdf
"Trial Balance, 1894 April dated 1894 May 19",,,"Pring, Benjamin H.",,,Hester (La.),,1894-05-19,Oneida Plantation & Manufacturing Company.; Sugar plantations--Louisiana--Convent.,Oneida Plantation (La.),,,,,,This is a trial balance created for the Oneida Plantation.,,,1 document,Mss. 5162,"U:310, Box 1, Folder 10",text,Financial records,,English,eng,LSU Libraries. Special Collections|uri=http://id.loc.gov/authorities/names/no2015036095,https://www.lib.lsu.edu/sites/default/files/sc/findaid/5162.pdf
"Trial Balance, 1896 July dated 1894 August 4",,,"Pring, Benjamin H.",,,Hester (La.),,1894-08-04,Oneida Plantation & Manufacturing Company.; Sugar plantations--Louisiana--Convent.,Oneida Plantation (La.),,,,,,This is a trial balance created for the Oneida Plantation.,,,1 document,Mss. 5162,"U:310, Box 1, Folder 10",text,Financial records,,English,eng,LSU Libraries. Special Collections|uri=http://id.loc.gov/authorities/names/no2015036095,https://www.lib.lsu.edu/sites/default/files/sc/findaid/5162.pdf
"Typewritten copy of Houston Daily Post item, 1910 November 27",,,,,,Houston (Tex.),,11/27/1910,"Houston daily post (Houston, Tex. : 1886).; Agricultural industries--Texas.; Cottonseed oil--Texas.",,,,"Chaney, Thomas, 1841-1914.",,,"This is a mounted, typewritten copy of the ""Brief Talks By Visitors"" column from the Houston (Tex.) Daily Post resulting from Thomas Chaney's visit to Houston.",,,1 document,Mss. 5162,"U:310, Box 1, Folder 11",text,Copies (documents),,English,eng,LSU Libraries. Special Collections|uri=http://id.loc.gov/authorities/names/no2015036095,https://www.lib.lsu.edu/sites/default/files/sc/findaid/5162.pdf
"Cotton Seed Oil Trade of New York Resolution, 1914 March 26",,,,,,New York (N.Y.),,3/25/1914,Corporate resolutions--New York (State)--New York.; Obituaries--New York (State)--New York.,,,,"Chaney, Thomas, 1841-1914.",,,This is a printed resolution by the Cotton Seed Oil Trade of New York of ?respectful sympathy and profound regret? on the death of Col. Thomas R. Chaney,,,1 document,Mss. 5162,"U:310, Box 1, Folder 12",text,Testimonials,,English,eng,LSU Libraries. Special Collections|uri=http://id.loc.gov/authorities/names/no2015036095,https://www.lib.lsu.edu/sites/default/files/sc/findaid/5162.pdf
Front cover,,"Cotton Seed Oil Trade of New York Resolution, Front Cover, 1914 March 26",,,,,,,,,,,,,,,,,,,,text,,,,,,
Front endpaper,,"Cotton Seed Oil Trade of New York Resolution, Front Endpaper, 1914 March 26",,,,,,,,,,,,,,,,,,,,text,,,,,,
Back endpaper,,"Cotton Seed Oil Trade of New York Resolution, Back Endpaper, 1914 March 26",,,,,,,,,,,,,,,,,,,,text,,,,,,
Back cover,,"Cotton Seed Oil Trade of New York Resolution, Back Cover, 1914 March 26",,,,,,,,,,,,,,,,,,,,text,,,,,,
"Inter State Cotton Seed Crushers' Association Resolution, 1914 May 20",,,,,,New Orleans (La.),,5/20/1914,Corporate resolutions--Louisiana--New Orleans.; Obituaries--Louisiana--New Orleans.,,,,"Chaney, Thomas, 1841-1914.",Inter-state Cotton Seed Crushers' Association.,,"This is a printed resolution sent to Miss M. B. Chaney, sister of T. R. Chaney, by the Inter State Cotton Seed Crushers' Association of ?deepest sympathy"" on the death of Col. Thomas R. Chaney",,,1 document,Mss. 5162,"OS:C, Folder 1.",text,Testimonials,,English,eng,LSU Libraries. Special Collections|uri=http://id.loc.gov/authorities/names/no2015036095,https://www.lib.lsu.edu/sites/default/files/sc/findaid/5162.pdf
"Homestead Plantation Map, 1889",,,,,,New Orleans (La.),,3/3/1905,Real property--Louisiana--Maps.; Plantations--Louisiana--Maps.,Homestead Plantation (La.),,,,,,"This is a map created from a survey by Swart & Waller, Civil Engineers. The map includes hand-written notes in red ink including the year 1894, showing what various parts of the acreage are used for, and what stage that use is in.",,,1 document,Mss. 5162,"OS:C, Folder 1.",text,Maps (documents),,English,eng,LSU Libraries. Special Collections|uri=http://id.loc.gov/authorities/names/no2015036095,https://www.lib.lsu.edu/sites/default/files/sc/findaid/5162.pdf
,,,,,,,,,,,,,,,,,,,,,,,,,,,,
"Thomas R. Chaney Papers, 1863-1916",,,,,,,,,,,,,,,,"Thomas R. Chaney (1841-1914), a Union Army veteran from Connecticut, became involved in the cottonseed oil business in the 1870s, establishing the first mills in Texas and founding the Howard Oil Company in Houston.  In 1893, he bought Homestead Plantation in St. James Parish, Louisiana, and ventured into the sugar business.  The papers consist primarily of business correspondence.",,"Colonel Thomas R. Chaney (1841-1914) was born in Connecticut and served in the Union Army during the Civil War.  He worked for the US government afterward, and in the 1870s he became involved in the cottonseed oil business, establishing the first mills in Texas and founding the Howard Oil Company in Houston.  In 1893, he bought Homestead Plantation in St. James Parish, Louisiana, and ventured into the sugar business.  Chaney died in New Orleans on March 25, 1914.  The papers consist primarily of business correspondence.",,,,text,,,,,LSU Libraries. Special Collections|uri=http://id.loc.gov/authorities/names/no2015036095,
